Username,Count
islamstoris,530
yammamamalek,490
haleem990079,486
saadalqahtani0,404
alsamer4141,393
TII99,302
prioritydate,284
3ALDHMASHi,243
ReemHadeer,189
ayedalrashidi12,187
amer_altawergi,186
aj_alshaheen257,186
AAL_Tawi,184
freeforiraq,184
foofa12345,183
m504n,183
jory217,183
bho14321,183
a_alatwi,183
SOM___OTB,182
mo_alshammari,182
22mMoome,182
alfalh2222,182
amen112012,182
1alsbahi1,181
aleid_sh,181
a_oo06,181
ThMoudhi,181
a_aldosii,181
k_g_k_a_,180
adnan66771,180
wanasah2010,180
live2family,180
ather89,179
S_hATAT,178
heboou,178
Monemn6789,178
dontlove363,177
abutu_ke,177
JANA_MOHD,177
zadmuslam,177
adbullah1231,177
Iizx1167,177
Zyzy15152,177
ajmal_a7sas_,177
MufadhMafadhi,176
ibrahim_zidann,176
hvsvtf54,176
saddah_q8,176
rshoooddd1,176
Bn7lall,175
sam5568,174
al5orey__f,174
Esoo_taif,174
almesaihel,174
IsmailAbdulmugh,174
naderelbrnc,172
smartsway,172
KawamlhOmar,172
lost_dreem,172
omarabdulhadi98,171
3h_d32,171
_4u4u_,170
jaman212121,170
dode14_15,168
nadooshah_r,168
reem727x,168
ass11_aa50,168
Suha_M_F,167
helah_alfawaz,165
_ABU_WESAM,165
lole3491,164
love_allah_01,162
muslethamod,161
N_alsuwaidi2,161
tsad300,161
12344321Mkt92,161
firasyakoub,159
Heba95_,159
abdulazizsaad33,158
613300Ahmad,156
amira_y67,153
ahmad60100,150
Hafidz341,145
mohdbash17,144
Reem_kuwait_,144
ssalkutbi,143
yalh_aljnh,143
ap5039444,140
LiveEUDebate,140
Talal877000,139
NharMajed,139
ALKBBI99,138
shaher9941,136
ksa1396s,135
Its_3nadi,134
Jedi_Pite_Bre,134
D_a_p_q,134
princesssara915,133
DoaKalbu,132
